episode,reward,steps,success
1,-974,100,0
2,-1031,100,0
3,-1012,100,0
4,-1012,100,0
5,-898,100,0
6,-879,100,0
7,-1107,100,0
8,-841,100,0
9,-784,100,0
10,-879,100,0
11,-1069,100,0
12,-1126,100,0
13,-898,100,0
14,-1012,100,0
15,-1050,100,0
16,-1012,100,0
17,-1050,100,0
18,-784,100,0
19,-708,100,0
20,-936,100,0
21,-917,100,0
22,-1050,100,0
23,-879,100,0
24,-822,100,0
25,-480,49,1
26,-841,100,0
27,-298,57,1
28,-955,100,0
29,-384,67,1
30,-879,100,0
31,-56,24,1
32,-312,52,1
33,-620,94,1
34,-370,53,1
35,-708,100,0
36,-376,59,1
37,-292,51,1
38,-280,58,1
39,-602,95,1
40,-584,96,1
41,22,22,1
42,-917,100,0
43,-294,53,1
44,-860,100,0
45,-248,45,1
46,-574,86,1
47,-272,50,1
48,-338,59,1
49,-396,79,1
50,-218,34,1
51,-528,78,1
52,-156,29,1
53,-158,50,1
54,-354,56,1
55,-232,48,1
56,-330,51,1
57,-216,51,1
58,-30,36,1
59,-404,68,1
60,-224,40,1
61,-372,55,1
62,-112,42,1
63,-200,35,1
64,-38,25,1
65,-312,52,1
66,-42,29,1
67,-208,43,1
68,-128,39,1
69,-66,34,1
70,-132,43,1
71,-554,85,1
72,-26,32,1
73,-242,58,1
74,-122,33,1
75,0,25,1
76,-204,39,1
77,-160,33,1
78,-62,30,1
79,-16,22,1
80,-186,40,1
81,-38,25,1
82,-266,44,1
83,-46,33,1
84,-80,29,1
85,-74,23,1
86,-184,38,1
87,40,23,1
88,-192,46,1
89,46,17,1
90,-188,42,1
91,-212,47,1
92,-100,30,1
93,-198,52,1
94,4,21,1
95,-102,32,1
96,-202,37,1
97,-100,30,1
98,-10,35,1
99,-284,43,1
100,-120,31,1
101,22,22,1
102,-138,30,1
103,-82,31,1
104,46,17,1
105,-20,26,1
106,-182,36,1
107,-58,45,1
108,6,19,1
109,-54,22,1
110,-14,20,1
111,-16,22,1
112,-96,26,1
113,-84,33,1
114,-164,37,1
115,-18,24,1
116,-76,25,1
117,-194,48,1
118,-44,31,1
119,68,14,1
120,-112,42,1
121,-68,36,1
122,-4,29,1
123,-152,44,1
124,8,17,1
125,-16,22,1
126,-38,25,1
127,26,18,1
128,-40,27,1
129,2,23,1
130,-60,28,1
131,-14,20,1
132,-170,43,1
133,-64,32,1
134,-4,29,1
135,-38,25,1
136,58,24,1
137,6,19,1
138,42,21,1
139,4,21,1
140,6,19,1
141,-40,27,1
142,64,18,1
143,-50,37,1
144,-76,25,1
145,46,17,1
146,-106,36,1
147,-56,24,1
148,-16,22,1
149,-54,22,1
150,40,23,1
151,-106,36,1
152,-46,33,1
153,22,22,1
154,-46,33,1
155,-38,25,1
156,-120,31,1
157,-98,28,1
158,-120,31,1
159,24,20,1
160,24,20,1
161,0,25,1
162,46,17,1
163,42,21,1
164,-18,24,1
165,-36,23,1
166,-2,27,1
167,66,16,1
168,64,18,1
169,28,16,1
170,0,25,1
171,-36,23,1
172,4,21,1
173,2,23,1
174,-54,22,1
175,-18,24,1
176,-84,33,1
177,-52,20,1
178,26,18,1
179,68,14,1
180,-122,33,1
181,-2,27,1
182,44,19,1
183,-56,24,1
184,84,17,1
185,-14,20,1
186,2,23,1
187,-58,26,1
188,-76,25,1
189,44,19,1
190,0,25,1
191,26,18,1
192,4,21,1
193,-78,27,1
194,-36,23,1
195,-18,24,1
196,48,15,1
197,-18,24,1
198,2,23,1
199,-40,27,1
200,-16,22,1
201,-16,22,1
202,22,22,1
203,-14,20,1
204,6,19,1
205,24,20,1
206,-46,33,1
207,4,21,1
208,28,16,1
209,2,23,1
210,38,25,1
211,42,21,1
212,46,17,1
213,66,16,1
214,58,24,1
215,-140,32,1
216,26,18,1
217,68,14,1
218,42,21,1
219,2,23,1
220,-14,20,1
221,88,13,1
222,66,16,1
223,42,21,1
224,22,22,1
225,42,21,1
226,22,22,1
227,42,21,1
228,38,25,1
229,64,18,1
230,22,22,1
231,-18,24,1
232,46,17,1
233,18,26,1
234,86,15,1
235,66,16,1
236,0,25,1
237,48,15,1
238,48,15,1
239,-18,24,1
240,80,21,1
241,42,21,1
242,26,18,1
243,-18,24,1
244,42,21,1
245,26,18,1
246,40,23,1
247,42,21,1
248,42,21,1
249,46,17,1
250,46,17,1
251,66,16,1
252,4,21,1
253,66,16,1
254,4,21,1
255,-20,26,1
256,36,27,1
257,64,18,1
258,46,17,1
259,64,18,1
260,86,15,1
261,68,14,1
262,84,17,1
263,88,13,1
264,26,18,1
265,68,14,1
266,46,17,1
267,64,18,1
268,88,13,1
269,88,13,1
270,46,17,1
271,84,17,1
272,46,17,1
273,68,14,1
274,68,14,1
275,48,15,1
276,44,19,1
277,-16,22,1
278,84,17,1
279,64,18,1
280,62,20,1
281,86,15,1
282,44,19,1
283,66,16,1
284,28,16,1
285,48,15,1
286,64,18,1
287,46,17,1
288,66,16,1
289,44,19,1
290,2,23,1
291,4,21,1
292,68,14,1
293,88,13,1
294,46,17,1
295,68,14,1
296,48,15,1
297,46,17,1
298,86,15,1
299,66,16,1
300,26,18,1
301,68,14,1
302,4,21,1
303,48,15,1
304,48,15,1
305,48,15,1
306,88,13,1
307,24,20,1
308,-34,21,1
309,48,15,1
310,46,17,1
311,64,18,1
312,86,15,1
313,46,17,1
314,46,17,1
315,68,14,1
316,22,22,1
317,26,18,1
318,86,15,1
319,68,14,1
320,26,18,1
321,64,18,1
322,44,19,1
323,8,17,1
324,68,14,1
325,68,14,1
326,86,15,1
327,86,15,1
328,86,15,1
329,66,16,1
330,68,14,1
331,68,14,1
332,66,16,1
333,48,15,1
334,62,20,1
335,44,19,1
336,68,14,1
337,46,17,1
338,86,15,1
339,68,14,1
340,46,17,1
341,66,16,1
342,66,16,1
343,62,20,1
344,86,15,1
345,46,17,1
346,86,15,1
347,46,17,1
348,44,19,1
349,82,19,1
350,48,15,1
351,8,17,1
352,48,15,1
353,66,16,1
354,46,17,1
355,68,14,1
356,-12,18,1
357,66,16,1
358,88,13,1
359,8,17,1
360,88,13,1
361,66,16,1
362,28,16,1
363,88,13,1
364,48,15,1
365,68,14,1
366,68,14,1
367,88,13,1
368,48,15,1
369,6,19,1
370,48,15,1
371,62,20,1
372,44,19,1
373,68,14,1
374,48,15,1
375,26,18,1
376,48,15,1
377,88,13,1
378,68,14,1
379,88,13,1
380,40,23,1
381,28,16,1
382,48,15,1
383,88,13,1
384,68,14,1
385,88,13,1
386,66,16,1
387,88,13,1
388,88,13,1
389,44,19,1
390,88,13,1
391,68,14,1
392,68,14,1
393,88,13,1
394,68,14,1
395,44,19,1
396,66,16,1
397,88,13,1
398,66,16,1
399,88,13,1
400,68,14,1
401,88,13,1
402,66,16,1
403,42,21,1
404,46,17,1
405,88,13,1
406,68,14,1
407,86,15,1
408,42,21,1
409,88,13,1
410,48,15,1
411,66,16,1
412,68,14,1
413,46,17,1
414,88,13,1
415,86,15,1
416,66,16,1
417,64,18,1
418,84,17,1
419,88,13,1
420,84,17,1
421,64,18,1
422,68,14,1
423,88,13,1
424,88,13,1
425,66,16,1
426,48,15,1
427,88,13,1
428,84,17,1
429,48,15,1
430,88,13,1
431,48,15,1
432,88,13,1
433,68,14,1
434,88,13,1
435,46,17,1
436,88,13,1
437,88,13,1
438,68,14,1
439,84,17,1
440,88,13,1
441,68,14,1
442,66,16,1
443,88,13,1
444,86,15,1
445,68,14,1
446,86,15,1
447,86,15,1
448,68,14,1
449,68,14,1
450,68,14,1
451,68,14,1
452,66,16,1
453,88,13,1
454,88,13,1
455,68,14,1
456,86,15,1
457,68,14,1
458,46,17,1
459,68,14,1
460,68,14,1
461,86,15,1
462,66,16,1
463,86,15,1
464,88,13,1
465,68,14,1
466,86,15,1
467,64,18,1
468,66,16,1
469,88,13,1
470,68,14,1
471,86,15,1
472,68,14,1
473,88,13,1
474,82,19,1
475,88,13,1
476,88,13,1
477,88,13,1
478,88,13,1
479,88,13,1
480,66,16,1
481,86,15,1
482,68,14,1
483,48,15,1
484,66,16,1
485,88,13,1
486,86,15,1
487,68,14,1
488,64,18,1
489,88,13,1
490,88,13,1
491,68,14,1
492,88,13,1
493,48,15,1
494,68,14,1
495,88,13,1
496,66,16,1
497,88,13,1
498,68,14,1
499,86,15,1
500,88,13,1
501,88,13,1
502,68,14,1
503,88,13,1
504,88,13,1
505,88,13,1
506,88,13,1
507,88,13,1
508,68,14,1
509,88,13,1
510,68,14,1
511,68,14,1
512,88,13,1
513,88,13,1
514,88,13,1
515,88,13,1
516,68,14,1
517,64,18,1
518,84,17,1
519,88,13,1
520,68,14,1
521,88,13,1
522,88,13,1
523,88,13,1
524,88,13,1
525,88,13,1
526,88,13,1
527,88,13,1
528,86,15,1
529,48,15,1
530,88,13,1
531,68,14,1
532,64,18,1
533,86,15,1
534,68,14,1
535,68,14,1
536,88,13,1
537,84,17,1
538,66,16,1
539,48,15,1
540,86,15,1
541,48,15,1
542,86,15,1
543,88,13,1
544,68,14,1
545,88,13,1
546,86,15,1
547,68,14,1
548,68,14,1
549,88,13,1
550,86,15,1
551,68,14,1
552,68,14,1
553,88,13,1
554,88,13,1
555,68,14,1
556,86,15,1
557,88,13,1
558,88,13,1
559,88,13,1
560,88,13,1
561,88,13,1
562,88,13,1
563,88,13,1
564,88,13,1
565,88,13,1
566,88,13,1
567,48,15,1
568,88,13,1
569,88,13,1
570,88,13,1
571,48,15,1
572,68,14,1
573,86,15,1
574,88,13,1
575,68,14,1
576,68,14,1
577,88,13,1
578,88,13,1
579,88,13,1
580,88,13,1
581,86,15,1
582,88,13,1
583,88,13,1
584,88,13,1
585,68,14,1
586,86,15,1
587,86,15,1
588,88,13,1
589,88,13,1
590,88,13,1
591,88,13,1
592,88,13,1
593,86,15,1
594,68,14,1
595,66,16,1
596,68,14,1
597,88,13,1
598,48,15,1
599,88,13,1
600,68,14,1
601,88,13,1
602,88,13,1
603,68,14,1
604,88,13,1
605,88,13,1
606,88,13,1
607,88,13,1
608,46,17,1
609,88,13,1
610,88,13,1
611,88,13,1
612,88,13,1
613,68,14,1
614,88,13,1
615,88,13,1
616,88,13,1
617,88,13,1
618,88,13,1
619,86,15,1
620,88,13,1
621,86,15,1
622,88,13,1
623,88,13,1
624,88,13,1
625,68,14,1
626,88,13,1
627,88,13,1
628,68,14,1
629,86,15,1
630,46,17,1
631,86,15,1
632,88,13,1
633,88,13,1
634,88,13,1
635,68,14,1
636,88,13,1
637,88,13,1
638,86,15,1
639,66,16,1
640,86,15,1
641,68,14,1
642,68,14,1
643,68,14,1
644,88,13,1
645,68,14,1
646,68,14,1
647,88,13,1
648,66,16,1
649,86,15,1
650,88,13,1
651,88,13,1
652,86,15,1
653,88,13,1
654,68,14,1
655,88,13,1
656,88,13,1
657,88,13,1
658,68,14,1
659,68,14,1
660,88,13,1
661,88,13,1
662,88,13,1
663,88,13,1
664,64,18,1
665,88,13,1
666,68,14,1
667,88,13,1
668,88,13,1
669,88,13,1
670,88,13,1
671,88,13,1
672,68,14,1
673,68,14,1
674,88,13,1
675,88,13,1
676,68,14,1
677,88,13,1
678,88,13,1
679,68,14,1
680,68,14,1
681,88,13,1
682,88,13,1
683,88,13,1
684,88,13,1
685,68,14,1
686,88,13,1
687,88,13,1
688,88,13,1
689,88,13,1
690,46,17,1
691,88,13,1
692,68,14,1
693,88,13,1
694,88,13,1
695,88,13,1
696,68,14,1
697,88,13,1
698,88,13,1
699,88,13,1
700,88,13,1
701,88,13,1
702,88,13,1
703,88,13,1
704,86,15,1
705,88,13,1
706,68,14,1
707,88,13,1
708,88,13,1
709,66,16,1
710,88,13,1
711,68,14,1
712,88,13,1
713,68,14,1
714,86,15,1
715,68,14,1
716,48,15,1
717,66,16,1
718,86,15,1
719,88,13,1
720,88,13,1
721,88,13,1
722,88,13,1
723,68,14,1
724,28,16,1
725,88,13,1
726,86,15,1
727,88,13,1
728,88,13,1
729,68,14,1
730,66,16,1
731,88,13,1
732,86,15,1
733,68,14,1
734,88,13,1
735,88,13,1
736,68,14,1
737,88,13,1
738,48,15,1
739,88,13,1
740,88,13,1
741,66,16,1
742,48,15,1
743,68,14,1
744,88,13,1
745,88,13,1
746,68,14,1
747,88,13,1
748,88,13,1
749,88,13,1
750,88,13,1
751,48,15,1
752,88,13,1
753,88,13,1
754,88,13,1
755,68,14,1
756,88,13,1
757,68,14,1
758,88,13,1
759,88,13,1
760,88,13,1
761,68,14,1
762,86,15,1
763,88,13,1
764,68,14,1
765,68,14,1
766,84,17,1
767,88,13,1
768,88,13,1
769,68,14,1
770,88,13,1
771,88,13,1
772,86,15,1
773,86,15,1
774,46,17,1
775,86,15,1
776,88,13,1
777,88,13,1
778,88,13,1
779,86,15,1
780,68,14,1
781,68,14,1
782,44,19,1
783,46,17,1
784,86,15,1
785,88,13,1
786,88,13,1
787,88,13,1
788,88,13,1
789,68,14,1
790,88,13,1
791,66,16,1
792,68,14,1
793,86,15,1
794,88,13,1
795,68,14,1
796,68,14,1
797,88,13,1
798,88,13,1
799,68,14,1
800,88,13,1
801,86,15,1
802,86,15,1
803,88,13,1
804,88,13,1
805,86,15,1
806,88,13,1
807,88,13,1
808,88,13,1
809,68,14,1
810,68,14,1
811,88,13,1
812,68,14,1
813,88,13,1
814,68,14,1
815,86,15,1
816,26,18,1
817,88,13,1
818,68,14,1
819,88,13,1
820,66,16,1
821,88,13,1
822,88,13,1
823,86,15,1
824,66,16,1
825,68,14,1
826,88,13,1
827,88,13,1
828,68,14,1
829,68,14,1
830,84,17,1
831,68,14,1
832,48,15,1
833,88,13,1
834,88,13,1
835,86,15,1
836,88,13,1
837,68,14,1
838,88,13,1
839,48,15,1
840,48,15,1
841,88,13,1
842,68,14,1
843,68,14,1
844,88,13,1
845,88,13,1
846,88,13,1
847,68,14,1
848,68,14,1
849,88,13,1
850,88,13,1
851,88,13,1
852,68,14,1
853,88,13,1
854,88,13,1
855,88,13,1
856,68,14,1
857,64,18,1
858,88,13,1
859,68,14,1
860,88,13,1
861,88,13,1
862,68,14,1
863,88,13,1
864,88,13,1
865,88,13,1
866,88,13,1
867,88,13,1
868,88,13,1
869,66,16,1
870,88,13,1
871,86,15,1
872,86,15,1
873,88,13,1
874,88,13,1
875,86,15,1
876,88,13,1
877,88,13,1
878,88,13,1
879,88,13,1
880,88,13,1
881,88,13,1
882,88,13,1
883,88,13,1
884,88,13,1
885,88,13,1
886,88,13,1
887,88,13,1
888,88,13,1
889,88,13,1
890,68,14,1
891,88,13,1
892,88,13,1
893,86,15,1
894,66,16,1
895,86,15,1
896,86,15,1
897,88,13,1
898,88,13,1
899,86,15,1
900,88,13,1
901,88,13,1
902,68,14,1
903,88,13,1
904,88,13,1
905,88,13,1
906,66,16,1
907,86,15,1
908,88,13,1
909,48,15,1
910,88,13,1
911,68,14,1
912,88,13,1
913,88,13,1
914,88,13,1
915,88,13,1
916,68,14,1
917,86,15,1
918,86,15,1
919,66,16,1
920,26,18,1
921,68,14,1
922,88,13,1
923,86,15,1
924,88,13,1
925,88,13,1
926,88,13,1
927,68,14,1
928,88,13,1
929,88,13,1
930,88,13,1
931,88,13,1
932,68,14,1
933,68,14,1
934,88,13,1
935,88,13,1
936,88,13,1
937,48,15,1
938,88,13,1
939,68,14,1
940,88,13,1
941,88,13,1
942,88,13,1
943,88,13,1
944,88,13,1
945,68,14,1
946,68,14,1
947,88,13,1
948,88,13,1
949,88,13,1
950,88,13,1
951,88,13,1
952,88,13,1
953,68,14,1
954,86,15,1
955,88,13,1
956,88,13,1
957,88,13,1
958,68,14,1
959,66,16,1
960,88,13,1
961,88,13,1
962,88,13,1
963,68,14,1
964,68,14,1
965,88,13,1
966,86,15,1
967,88,13,1
968,68,14,1
969,68,14,1
970,68,14,1
971,66,16,1
972,88,13,1
973,68,14,1
974,86,15,1
975,88,13,1
976,68,14,1
977,88,13,1
978,86,15,1
979,46,17,1
980,88,13,1
981,88,13,1
982,86,15,1
983,88,13,1
984,88,13,1
985,88,13,1
986,68,14,1
987,86,15,1
988,88,13,1
989,86,15,1
990,88,13,1
991,86,15,1
992,68,14,1
993,86,15,1
994,88,13,1
995,68,14,1
996,88,13,1
997,86,15,1
998,88,13,1
999,88,13,1
1000,88,13,1
1001,86,15,1
1002,68,14,1
1003,88,13,1
1004,88,13,1
1005,88,13,1
1006,88,13,1
1007,66,16,1
1008,88,13,1
1009,48,15,1
1010,88,13,1
1011,88,13,1
1012,88,13,1
1013,88,13,1
1014,88,13,1
1015,88,13,1
1016,88,13,1
1017,66,16,1
1018,48,15,1
1019,88,13,1
1020,88,13,1
1021,88,13,1
1022,88,13,1
1023,88,13,1
1024,88,13,1
1025,88,13,1
1026,88,13,1
1027,88,13,1
1028,86,15,1
1029,88,13,1
1030,88,13,1
1031,88,13,1
1032,68,14,1
1033,88,13,1
1034,88,13,1
1035,68,14,1
1036,88,13,1
1037,88,13,1
1038,88,13,1
1039,88,13,1
1040,68,14,1
1041,88,13,1
1042,88,13,1
1043,88,13,1
1044,68,14,1
1045,82,19,1
1046,88,13,1
1047,88,13,1
1048,48,15,1
1049,88,13,1
1050,88,13,1
1051,88,13,1
1052,88,13,1
1053,88,13,1
1054,68,14,1
1055,88,13,1
1056,88,13,1
1057,88,13,1
1058,88,13,1
1059,88,13,1
1060,86,15,1
1061,88,13,1
1062,88,13,1
1063,88,13,1
1064,68,14,1
1065,88,13,1
1066,86,15,1
1067,88,13,1
1068,66,16,1
1069,88,13,1
1070,66,16,1
1071,68,14,1
1072,66,16,1
1073,66,16,1
1074,86,15,1
1075,88,13,1
1076,88,13,1
1077,86,15,1
1078,46,17,1
1079,68,14,1
1080,68,14,1
1081,88,13,1
1082,88,13,1
1083,86,15,1
1084,88,13,1
1085,88,13,1
1086,86,15,1
1087,88,13,1
1088,68,14,1
1089,88,13,1
1090,88,13,1
1091,68,14,1
1092,86,15,1
1093,68,14,1
1094,88,13,1
1095,68,14,1
1096,88,13,1
1097,88,13,1
1098,88,13,1
1099,86,15,1
1100,68,14,1
1101,88,13,1
1102,88,13,1
1103,48,15,1
1104,86,15,1
1105,88,13,1
1106,48,15,1
1107,66,16,1
1108,68,14,1
1109,88,13,1
1110,88,13,1
1111,88,13,1
1112,88,13,1
1113,88,13,1
1114,88,13,1
1115,68,14,1
1116,88,13,1
1117,88,13,1
1118,88,13,1
1119,88,13,1
1120,86,15,1
1121,86,15,1
1122,88,13,1
1123,88,13,1
1124,88,13,1
1125,88,13,1
1126,68,14,1
1127,86,15,1
1128,88,13,1
1129,88,13,1
1130,88,13,1
1131,86,15,1
1132,88,13,1
1133,88,13,1
1134,88,13,1
1135,88,13,1
1136,88,13,1
1137,88,13,1
1138,88,13,1
1139,68,14,1
1140,88,13,1
1141,88,13,1
1142,68,14,1
1143,88,13,1
1144,88,13,1
1145,88,13,1
1146,86,15,1
1147,68,14,1
1148,88,13,1
1149,88,13,1
1150,88,13,1
1151,88,13,1
1152,68,14,1
1153,88,13,1
1154,86,15,1
1155,86,15,1
1156,88,13,1
1157,88,13,1
1158,68,14,1
1159,48,15,1
1160,88,13,1
1161,88,13,1
1162,68,14,1
1163,68,14,1
1164,86,15,1
1165,66,16,1
1166,86,15,1
1167,88,13,1
1168,88,13,1
1169,68,14,1
1170,88,13,1
1171,88,13,1
1172,88,13,1
1173,88,13,1
1174,68,14,1
1175,88,13,1
1176,88,13,1
1177,88,13,1
1178,88,13,1
1179,88,13,1
1180,82,19,1
1181,88,13,1
1182,48,15,1
1183,88,13,1
1184,88,13,1
1185,88,13,1
1186,88,13,1
1187,86,15,1
1188,88,13,1
1189,68,14,1
1190,86,15,1
1191,88,13,1
1192,66,16,1
1193,68,14,1
1194,88,13,1
1195,68,14,1
1196,88,13,1
1197,88,13,1
1198,88,13,1
1199,88,13,1
1200,68,14,1
1201,88,13,1
1202,88,13,1
1203,88,13,1
1204,88,13,1
1205,88,13,1
1206,88,13,1
1207,88,13,1
1208,88,13,1
1209,88,13,1
1210,88,13,1
1211,88,13,1
1212,88,13,1
1213,88,13,1
1214,86,15,1
1215,88,13,1
1216,86,15,1
1217,68,14,1
1218,48,15,1
1219,88,13,1
1220,66,16,1
1221,88,13,1
1222,86,15,1
1223,84,17,1
1224,68,14,1
1225,88,13,1
1226,88,13,1
1227,88,13,1
1228,68,14,1
1229,68,14,1
1230,68,14,1
1231,88,13,1
1232,88,13,1
1233,88,13,1
1234,88,13,1
1235,88,13,1
1236,68,14,1
1237,88,13,1
1238,88,13,1
1239,88,13,1
1240,68,14,1
1241,88,13,1
1242,88,13,1
1243,66,16,1
1244,68,14,1
1245,88,13,1
1246,88,13,1
1247,88,13,1
1248,88,13,1
1249,88,13,1
1250,88,13,1
1251,68,14,1
1252,88,13,1
1253,88,13,1
1254,88,13,1
1255,86,15,1
1256,88,13,1
1257,26,18,1
1258,68,14,1
1259,88,13,1
1260,86,15,1
1261,88,13,1
1262,88,13,1
1263,88,13,1
1264,68,14,1
1265,88,13,1
1266,66,16,1
1267,88,13,1
1268,86,15,1
1269,88,13,1
1270,86,15,1
1271,88,13,1
1272,86,15,1
1273,88,13,1
1274,88,13,1
1275,88,13,1
1276,88,13,1
1277,88,13,1
1278,68,14,1
1279,88,13,1
1280,88,13,1
1281,68,14,1
1282,68,14,1
1283,86,15,1
1284,88,13,1
1285,88,13,1
1286,68,14,1
1287,68,14,1
1288,68,14,1
1289,88,13,1
1290,88,13,1
1291,68,14,1
1292,86,15,1
1293,88,13,1
1294,88,13,1
1295,88,13,1
1296,88,13,1
1297,88,13,1
1298,88,13,1
1299,68,14,1
1300,88,13,1
1301,88,13,1
1302,88,13,1
1303,88,13,1
1304,88,13,1
1305,86,15,1
1306,88,13,1
1307,48,15,1
1308,48,15,1
1309,88,13,1
1310,88,13,1
1311,68,14,1
1312,88,13,1
1313,68,14,1
1314,88,13,1
1315,68,14,1
1316,88,13,1
1317,88,13,1
1318,88,13,1
1319,88,13,1
1320,88,13,1
1321,68,14,1
1322,88,13,1
1323,68,14,1
1324,88,13,1
1325,88,13,1
1326,88,13,1
1327,88,13,1
1328,88,13,1
1329,88,13,1
1330,88,13,1
1331,68,14,1
1332,66,16,1
1333,88,13,1
1334,28,16,1
1335,66,16,1
1336,88,13,1
1337,88,13,1
1338,88,13,1
1339,88,13,1
1340,68,14,1
1341,88,13,1
1342,88,13,1
1343,86,15,1
1344,88,13,1
1345,88,13,1
1346,88,13,1
1347,88,13,1
1348,48,15,1
1349,88,13,1
1350,88,13,1
1351,66,16,1
1352,88,13,1
1353,66,16,1
1354,88,13,1
1355,88,13,1
1356,68,14,1
1357,88,13,1
1358,88,13,1
1359,88,13,1
1360,88,13,1
1361,68,14,1
1362,68,14,1
1363,46,17,1
1364,66,16,1
1365,88,13,1
1366,68,14,1
1367,88,13,1
1368,88,13,1
1369,88,13,1
1370,88,13,1
1371,88,13,1
1372,88,13,1
1373,88,13,1
1374,84,17,1
1375,86,15,1
1376,88,13,1
1377,88,13,1
1378,68,14,1
1379,88,13,1
1380,68,14,1
1381,86,15,1
1382,88,13,1
1383,86,15,1
1384,88,13,1
1385,88,13,1
1386,88,13,1
1387,68,14,1
1388,88,13,1
1389,88,13,1
1390,88,13,1
1391,88,13,1
1392,88,13,1
1393,68,14,1
1394,86,15,1
1395,86,15,1
1396,84,17,1
1397,88,13,1
1398,86,15,1
1399,88,13,1
1400,88,13,1
1401,68,14,1
1402,88,13,1
1403,88,13,1
1404,68,14,1
1405,66,16,1
1406,88,13,1
1407,68,14,1
1408,68,14,1
1409,88,13,1
1410,88,13,1
1411,68,14,1
1412,88,13,1
1413,88,13,1
1414,66,16,1
1415,88,13,1
1416,88,13,1
1417,86,15,1
1418,68,14,1
1419,48,15,1
1420,88,13,1
1421,88,13,1
1422,88,13,1
1423,88,13,1
1424,68,14,1
1425,88,13,1
1426,88,13,1
1427,88,13,1
1428,88,13,1
1429,68,14,1
1430,68,14,1
1431,88,13,1
1432,88,13,1
1433,88,13,1
1434,88,13,1
1435,88,13,1
1436,88,13,1
1437,88,13,1
1438,80,21,1
1439,88,13,1
1440,68,14,1
1441,84,17,1
1442,88,13,1
1443,88,13,1
1444,68,14,1
1445,88,13,1
1446,88,13,1
1447,88,13,1
1448,88,13,1
1449,88,13,1
1450,86,15,1
1451,88,13,1
1452,86,15,1
1453,88,13,1
1454,86,15,1
1455,88,13,1
1456,88,13,1
1457,46,17,1
1458,86,15,1
1459,88,13,1
1460,88,13,1
1461,88,13,1
1462,88,13,1
1463,88,13,1
1464,88,13,1
1465,88,13,1
1466,88,13,1
1467,88,13,1
1468,88,13,1
1469,88,13,1
1470,68,14,1
1471,66,16,1
1472,88,13,1
1473,68,14,1
1474,88,13,1
1475,88,13,1
1476,86,15,1
1477,88,13,1
1478,88,13,1
1479,88,13,1
1480,88,13,1
1481,88,13,1
1482,88,13,1
1483,68,14,1
1484,88,13,1
1485,88,13,1
1486,88,13,1
1487,66,16,1
1488,88,13,1
1489,88,13,1
1490,88,13,1
1491,88,13,1
1492,88,13,1
1493,88,13,1
1494,48,15,1
1495,88,13,1
1496,68,14,1
1497,88,13,1
1498,88,13,1
1499,86,15,1
1500,88,13,1
1501,86,15,1
1502,68,14,1
1503,88,13,1
1504,88,13,1
1505,86,15,1
1506,88,13,1
1507,86,15,1
1508,88,13,1
1509,88,13,1
1510,88,13,1
1511,88,13,1
1512,88,13,1
1513,68,14,1
1514,68,14,1
1515,86,15,1
1516,68,14,1
1517,86,15,1
1518,86,15,1
1519,88,13,1
1520,88,13,1
1521,68,14,1
1522,68,14,1
1523,86,15,1
1524,88,13,1
1525,68,14,1
1526,88,13,1
1527,88,13,1
1528,88,13,1
1529,88,13,1
1530,68,14,1
1531,88,13,1
1532,88,13,1
1533,68,14,1
1534,68,14,1
1535,88,13,1
1536,88,13,1
1537,88,13,1
1538,86,15,1
1539,88,13,1
1540,48,15,1
1541,88,13,1
1542,66,16,1
1543,28,16,1
1544,68,14,1
1545,88,13,1
1546,68,14,1
1547,68,14,1
1548,88,13,1
1549,88,13,1
1550,88,13,1
1551,68,14,1
1552,68,14,1
1553,86,15,1
1554,88,13,1
1555,88,13,1
1556,88,13,1
1557,86,15,1
1558,68,14,1
1559,68,14,1
1560,88,13,1
1561,88,13,1
1562,86,15,1
1563,86,15,1
1564,68,14,1
1565,64,18,1
1566,68,14,1
1567,88,13,1
1568,66,16,1
1569,86,15,1
1570,66,16,1
1571,86,15,1
1572,86,15,1
1573,88,13,1
1574,68,14,1
1575,88,13,1
1576,88,13,1
1577,88,13,1
1578,68,14,1
1579,86,15,1
1580,88,13,1
1581,86,15,1
1582,86,15,1
1583,88,13,1
1584,86,15,1
1585,86,15,1
1586,88,13,1
1587,88,13,1
1588,88,13,1
1589,86,15,1
1590,88,13,1
1591,88,13,1
1592,88,13,1
1593,88,13,1
1594,88,13,1
1595,86,15,1
1596,88,13,1
1597,88,13,1
1598,88,13,1
1599,88,13,1
1600,68,14,1
1601,88,13,1
1602,88,13,1
1603,68,14,1
1604,88,13,1
1605,88,13,1
1606,88,13,1
1607,88,13,1
1608,86,15,1
1609,88,13,1
1610,88,13,1
1611,84,17,1
1612,88,13,1
1613,88,13,1
1614,88,13,1
1615,86,15,1
1616,88,13,1
1617,68,14,1
1618,88,13,1
1619,88,13,1
1620,86,15,1
1621,88,13,1
1622,86,15,1
1623,68,14,1
1624,88,13,1
1625,88,13,1
1626,88,13,1
1627,88,13,1
1628,88,13,1
1629,88,13,1
1630,86,15,1
1631,68,14,1
1632,88,13,1
1633,66,16,1
1634,88,13,1
1635,88,13,1
1636,88,13,1
1637,66,16,1
1638,68,14,1
1639,88,13,1
1640,88,13,1
1641,68,14,1
1642,88,13,1
1643,88,13,1
1644,86,15,1
1645,68,14,1
1646,88,13,1
1647,88,13,1
1648,88,13,1
1649,48,15,1
1650,68,14,1
1651,88,13,1
1652,88,13,1
1653,68,14,1
1654,46,17,1
1655,88,13,1
1656,88,13,1
1657,68,14,1
1658,68,14,1
1659,88,13,1
1660,68,14,1
1661,66,16,1
1662,86,15,1
1663,88,13,1
1664,86,15,1
1665,86,15,1
1666,88,13,1
1667,84,17,1
1668,88,13,1
1669,88,13,1
1670,88,13,1
1671,48,15,1
1672,88,13,1
1673,86,15,1
1674,88,13,1
1675,88,13,1
1676,88,13,1
1677,88,13,1
1678,68,14,1
1679,88,13,1
1680,88,13,1
1681,64,18,1
1682,88,13,1
1683,88,13,1
1684,88,13,1
1685,68,14,1
1686,88,13,1
1687,66,16,1
1688,66,16,1
1689,88,13,1
1690,88,13,1
1691,68,14,1
1692,88,13,1
1693,68,14,1
1694,88,13,1
1695,88,13,1
1696,88,13,1
1697,68,14,1
1698,88,13,1
1699,68,14,1
1700,88,13,1
1701,68,14,1
1702,68,14,1
1703,86,15,1
1704,88,13,1
1705,88,13,1
1706,68,14,1
1707,88,13,1
1708,88,13,1
1709,66,16,1
1710,88,13,1
1711,88,13,1
1712,28,16,1
1713,88,13,1
1714,68,14,1
1715,68,14,1
1716,88,13,1
1717,88,13,1
1718,88,13,1
1719,68,14,1
1720,88,13,1
1721,88,13,1
1722,68,14,1
1723,88,13,1
1724,68,14,1
1725,88,13,1
1726,88,13,1
1727,68,14,1
1728,88,13,1
1729,68,14,1
1730,88,13,1
1731,68,14,1
1732,48,15,1
1733,88,13,1
1734,88,13,1
1735,68,14,1
1736,84,17,1
1737,88,13,1
1738,88,13,1
1739,68,14,1
1740,68,14,1
1741,88,13,1
1742,88,13,1
1743,88,13,1
1744,88,13,1
1745,86,15,1
1746,88,13,1
1747,86,15,1
1748,88,13,1
1749,88,13,1
1750,86,15,1
1751,88,13,1
1752,88,13,1
1753,86,15,1
1754,68,14,1
1755,88,13,1
1756,88,13,1
1757,88,13,1
1758,86,15,1
1759,88,13,1
1760,88,13,1
1761,88,13,1
1762,68,14,1
1763,88,13,1
1764,88,13,1
1765,68,14,1
1766,88,13,1
1767,88,13,1
1768,48,15,1
1769,68,14,1
1770,88,13,1
1771,88,13,1
1772,88,13,1
1773,88,13,1
1774,86,15,1
1775,88,13,1
1776,68,14,1
1777,88,13,1
1778,66,16,1
1779,64,18,1
1780,88,13,1
1781,68,14,1
1782,86,15,1
1783,88,13,1
1784,88,13,1
1785,88,13,1
1786,68,14,1
1787,46,17,1
1788,88,13,1
1789,88,13,1
1790,66,16,1
1791,86,15,1
1792,88,13,1
1793,88,13,1
1794,88,13,1
1795,88,13,1
1796,88,13,1
1797,68,14,1
1798,64,18,1
1799,66,16,1
1800,88,13,1
1801,88,13,1
1802,88,13,1
1803,88,13,1
1804,88,13,1
1805,88,13,1
1806,88,13,1
1807,88,13,1
1808,88,13,1
1809,86,15,1
1810,48,15,1
1811,86,15,1
1812,68,14,1
1813,68,14,1
1814,88,13,1
1815,88,13,1
1816,88,13,1
1817,68,14,1
1818,88,13,1
1819,68,14,1
1820,88,13,1
1821,88,13,1
1822,66,16,1
1823,68,14,1
1824,86,15,1
1825,68,14,1
1826,88,13,1
1827,88,13,1
1828,88,13,1
1829,88,13,1
1830,68,14,1
1831,68,14,1
1832,88,13,1
1833,88,13,1
1834,88,13,1
1835,86,15,1
1836,88,13,1
1837,88,13,1
1838,66,16,1
1839,48,15,1
1840,86,15,1
1841,88,13,1
1842,88,13,1
1843,88,13,1
1844,88,13,1
1845,86,15,1
1846,88,13,1
1847,68,14,1
1848,88,13,1
1849,88,13,1
1850,86,15,1
1851,68,14,1
1852,88,13,1
1853,88,13,1
1854,88,13,1
1855,66,16,1
1856,86,15,1
1857,68,14,1
1858,88,13,1
1859,88,13,1
1860,86,15,1
1861,88,13,1
1862,88,13,1
1863,68,14,1
1864,88,13,1
1865,88,13,1
1866,68,14,1
1867,88,13,1
1868,86,15,1
1869,68,14,1
1870,66,16,1
1871,86,15,1
1872,88,13,1
1873,88,13,1
1874,66,16,1
1875,88,13,1
1876,88,13,1
1877,88,13,1
1878,88,13,1
1879,88,13,1
1880,88,13,1
1881,68,14,1
1882,88,13,1
1883,68,14,1
1884,68,14,1
1885,88,13,1
1886,68,14,1
1887,88,13,1
1888,86,15,1
1889,86,15,1
1890,68,14,1
1891,88,13,1
1892,88,13,1
1893,88,13,1
1894,88,13,1
1895,88,13,1
1896,88,13,1
1897,88,13,1
1898,66,16,1
1899,88,13,1
1900,88,13,1
1901,88,13,1
1902,88,13,1
1903,48,15,1
1904,88,13,1
1905,86,15,1
1906,68,14,1
1907,86,15,1
1908,88,13,1
1909,88,13,1
1910,88,13,1
1911,88,13,1
1912,88,13,1
1913,88,13,1
1914,88,13,1
1915,88,13,1
1916,88,13,1
1917,68,14,1
1918,84,17,1
1919,68,14,1
1920,88,13,1
1921,88,13,1
1922,86,15,1
1923,86,15,1
1924,64,18,1
1925,88,13,1
1926,88,13,1
1927,88,13,1
1928,88,13,1
1929,88,13,1
1930,88,13,1
1931,88,13,1
1932,88,13,1
1933,68,14,1
1934,88,13,1
1935,86,15,1
1936,88,13,1
1937,88,13,1
1938,88,13,1
1939,68,14,1
1940,88,13,1
1941,68,14,1
1942,88,13,1
1943,88,13,1
1944,88,13,1
1945,88,13,1
1946,88,13,1
1947,86,15,1
1948,86,15,1
1949,88,13,1
1950,86,15,1
1951,88,13,1
1952,88,13,1
1953,68,14,1
1954,86,15,1
1955,88,13,1
1956,88,13,1
1957,88,13,1
1958,86,15,1
1959,88,13,1
1960,48,15,1
1961,88,13,1
1962,88,13,1
1963,88,13,1
1964,88,13,1
1965,88,13,1
1966,88,13,1
1967,68,14,1
1968,88,13,1
1969,88,13,1
1970,88,13,1
1971,88,13,1
1972,88,13,1
1973,88,13,1
1974,88,13,1
1975,68,14,1
1976,88,13,1
1977,66,16,1
1978,84,17,1
1979,68,14,1
1980,88,13,1
1981,86,15,1
1982,88,13,1
1983,66,16,1
1984,88,13,1
1985,88,13,1
1986,88,13,1
1987,88,13,1
1988,88,13,1
1989,48,15,1
1990,48,15,1
1991,88,13,1
1992,88,13,1
1993,66,16,1
1994,68,14,1
1995,88,13,1
1996,88,13,1
1997,88,13,1
1998,88,13,1
1999,88,13,1
2000,88,13,1
2001,88,13,1
2002,88,13,1
2003,68,14,1
2004,88,13,1
2005,88,13,1
2006,48,15,1
2007,88,13,1
2008,88,13,1
2009,88,13,1
2010,86,15,1
2011,68,14,1
2012,88,13,1
2013,68,14,1
2014,88,13,1
2015,88,13,1
2016,88,13,1
2017,86,15,1
2018,68,14,1
2019,88,13,1
2020,68,14,1
2021,68,14,1
2022,88,13,1
2023,68,14,1
2024,68,14,1
2025,88,13,1
2026,68,14,1
2027,48,15,1
2028,86,15,1
2029,88,13,1
2030,88,13,1
2031,88,13,1
2032,68,14,1
2033,68,14,1
2034,88,13,1
2035,88,13,1
2036,88,13,1
2037,88,13,1
2038,86,15,1
2039,88,13,1
2040,88,13,1
2041,64,18,1
2042,68,14,1
2043,88,13,1
2044,86,15,1
2045,88,13,1
2046,86,15,1
2047,88,13,1
2048,88,13,1
2049,86,15,1
2050,88,13,1
2051,88,13,1
2052,88,13,1
2053,88,13,1
2054,88,13,1
2055,68,14,1
2056,68,14,1
2057,88,13,1
2058,88,13,1
2059,88,13,1
2060,88,13,1
2061,88,13,1
2062,88,13,1
2063,88,13,1
2064,88,13,1
2065,88,13,1
2066,48,15,1
2067,88,13,1
2068,88,13,1
2069,88,13,1
2070,88,13,1
2071,88,13,1
2072,88,13,1
2073,88,13,1
2074,48,15,1
2075,88,13,1
2076,88,13,1
2077,88,13,1
2078,88,13,1
2079,88,13,1
2080,88,13,1
2081,68,14,1
2082,68,14,1
2083,88,13,1
2084,88,13,1
2085,68,14,1
2086,68,14,1
2087,68,14,1
2088,88,13,1
2089,68,14,1
2090,88,13,1
2091,88,13,1
2092,68,14,1
2093,88,13,1
2094,88,13,1
2095,86,15,1
2096,88,13,1
2097,88,13,1
2098,66,16,1
2099,88,13,1
2100,88,13,1
2101,68,14,1
2102,88,13,1
2103,88,13,1
2104,88,13,1
2105,88,13,1
2106,68,14,1
2107,86,15,1
2108,68,14,1
2109,86,15,1
2110,68,14,1
2111,66,16,1
2112,88,13,1
2113,88,13,1
2114,86,15,1
2115,26,18,1
2116,88,13,1
2117,88,13,1
2118,88,13,1
2119,88,13,1
2120,66,16,1
2121,88,13,1
2122,86,15,1
2123,88,13,1
2124,88,13,1
2125,48,15,1
2126,86,15,1
2127,68,14,1
2128,68,14,1
2129,88,13,1
2130,88,13,1
2131,88,13,1
2132,68,14,1
2133,88,13,1
2134,88,13,1
2135,68,14,1
2136,88,13,1
2137,88,13,1
2138,88,13,1
2139,88,13,1
2140,88,13,1
2141,88,13,1
2142,88,13,1
2143,88,13,1
2144,68,14,1
2145,88,13,1
2146,88,13,1
2147,48,15,1
2148,88,13,1
2149,68,14,1
2150,88,13,1
2151,86,15,1
2152,88,13,1
2153,68,14,1
2154,88,13,1
2155,88,13,1
2156,68,14,1
2157,86,15,1
2158,88,13,1
2159,46,17,1
2160,88,13,1
2161,88,13,1
2162,88,13,1
2163,88,13,1
2164,68,14,1
2165,88,13,1
2166,88,13,1
2167,88,13,1
2168,88,13,1
2169,84,17,1
2170,88,13,1
2171,86,15,1
2172,88,13,1
2173,88,13,1
2174,88,13,1
2175,68,14,1
2176,68,14,1
2177,66,16,1
2178,86,15,1
2179,88,13,1
2180,88,13,1
2181,88,13,1
2182,88,13,1
2183,88,13,1
2184,88,13,1
2185,88,13,1
2186,66,16,1
2187,88,13,1
2188,68,14,1
2189,68,14,1
2190,88,13,1
2191,68,14,1
2192,88,13,1
2193,88,13,1
2194,88,13,1
2195,88,13,1
2196,88,13,1
2197,68,14,1
2198,66,16,1
2199,88,13,1
2200,86,15,1
2201,68,14,1
2202,88,13,1
2203,68,14,1
2204,88,13,1
2205,88,13,1
2206,88,13,1
2207,88,13,1
2208,66,16,1
2209,84,17,1
2210,68,14,1
2211,68,14,1
2212,86,15,1
2213,88,13,1
2214,88,13,1
2215,88,13,1
2216,88,13,1
2217,88,13,1
2218,88,13,1
2219,88,13,1
2220,88,13,1
2221,88,13,1
2222,88,13,1
2223,68,14,1
2224,68,14,1
2225,86,15,1
2226,88,13,1
2227,88,13,1
2228,88,13,1
2229,88,13,1
2230,66,16,1
2231,66,16,1
2232,88,13,1
2233,68,14,1
2234,88,13,1
2235,84,17,1
2236,88,13,1
2237,88,13,1
2238,88,13,1
2239,88,13,1
2240,88,13,1
2241,88,13,1
2242,86,15,1
2243,68,14,1
2244,88,13,1
2245,68,14,1
2246,68,14,1
2247,88,13,1
2248,88,13,1
2249,88,13,1
2250,64,18,1
2251,88,13,1
2252,48,15,1
2253,86,15,1
2254,68,14,1
2255,88,13,1
2256,66,16,1
2257,88,13,1
2258,88,13,1
2259,66,16,1
2260,88,13,1
2261,88,13,1
2262,88,13,1
2263,88,13,1
2264,88,13,1
2265,68,14,1
2266,64,18,1
2267,88,13,1
2268,88,13,1
2269,68,14,1
2270,68,14,1
2271,68,14,1
2272,88,13,1
2273,88,13,1
2274,68,14,1
2275,66,16,1
2276,88,13,1
2277,88,13,1
2278,68,14,1
2279,88,13,1
2280,68,14,1
2281,88,13,1
2282,86,15,1
2283,88,13,1
2284,48,15,1
2285,88,13,1
2286,86,15,1
2287,64,18,1
2288,88,13,1
2289,68,14,1
2290,88,13,1
2291,86,15,1
2292,84,17,1
2293,86,15,1
2294,86,15,1
2295,88,13,1
2296,88,13,1
2297,88,13,1
2298,88,13,1
2299,88,13,1
2300,28,16,1
2301,68,14,1
2302,88,13,1
2303,88,13,1
2304,88,13,1
2305,88,13,1
2306,66,16,1
2307,88,13,1
2308,88,13,1
2309,68,14,1
2310,88,13,1
2311,88,13,1
2312,68,14,1
2313,88,13,1
2314,88,13,1
2315,86,15,1
2316,88,13,1
2317,88,13,1
2318,88,13,1
2319,88,13,1
2320,86,15,1
2321,68,14,1
2322,88,13,1
2323,86,15,1
2324,84,17,1
2325,88,13,1
2326,86,15,1
2327,66,16,1
2328,68,14,1
2329,88,13,1
2330,88,13,1
2331,86,15,1
2332,88,13,1
2333,88,13,1
2334,88,13,1
2335,88,13,1
2336,88,13,1
2337,86,15,1
2338,88,13,1
2339,88,13,1
2340,88,13,1
2341,66,16,1
2342,88,13,1
2343,88,13,1
2344,68,14,1
2345,86,15,1
2346,88,13,1
2347,88,13,1
2348,68,14,1
2349,88,13,1
2350,88,13,1
2351,88,13,1
2352,88,13,1
2353,48,15,1
2354,88,13,1
2355,68,14,1
2356,88,13,1
2357,88,13,1
2358,86,15,1
2359,68,14,1
2360,68,14,1
2361,84,17,1
2362,88,13,1
2363,88,13,1
2364,88,13,1
2365,88,13,1
2366,88,13,1
2367,66,16,1
2368,86,15,1
2369,88,13,1
2370,66,16,1
2371,88,13,1
2372,88,13,1
2373,88,13,1
2374,88,13,1
2375,88,13,1
2376,66,16,1
2377,86,15,1
2378,88,13,1
2379,68,14,1
2380,68,14,1
2381,88,13,1
2382,88,13,1
2383,66,16,1
2384,88,13,1
2385,88,13,1
2386,86,15,1
2387,66,16,1
2388,66,16,1
2389,88,13,1
2390,88,13,1
2391,88,13,1
2392,88,13,1
2393,86,15,1
2394,46,17,1
2395,88,13,1
2396,88,13,1
2397,88,13,1
2398,26,18,1
2399,86,15,1
2400,88,13,1
2401,88,13,1
2402,88,13,1
2403,88,13,1
2404,88,13,1
2405,88,13,1
2406,68,14,1
2407,48,15,1
2408,68,14,1
2409,88,13,1
2410,86,15,1
2411,68,14,1
2412,88,13,1
2413,88,13,1
2414,88,13,1
2415,88,13,1
2416,88,13,1
2417,68,14,1
2418,88,13,1
2419,88,13,1
2420,88,13,1
2421,88,13,1
2422,68,14,1
2423,88,13,1
2424,48,15,1
2425,88,13,1
2426,88,13,1
2427,88,13,1
2428,68,14,1
2429,88,13,1
2430,88,13,1
2431,68,14,1
2432,88,13,1
2433,88,13,1
2434,88,13,1
2435,66,16,1
2436,88,13,1
2437,88,13,1
2438,88,13,1
2439,88,13,1
2440,88,13,1
2441,88,13,1
2442,68,14,1
2443,68,14,1
2444,86,15,1
2445,88,13,1
2446,88,13,1
2447,88,13,1
2448,68,14,1
2449,68,14,1
2450,68,14,1
2451,88,13,1
2452,88,13,1
2453,48,15,1
2454,68,14,1
2455,88,13,1
2456,68,14,1
2457,48,15,1
2458,86,15,1
2459,88,13,1
2460,88,13,1
2461,88,13,1
2462,88,13,1
2463,88,13,1
2464,86,15,1
2465,88,13,1
2466,88,13,1
2467,88,13,1
2468,68,14,1
2469,88,13,1
2470,88,13,1
2471,66,16,1
2472,68,14,1
2473,86,15,1
2474,88,13,1
2475,88,13,1
2476,68,14,1
2477,68,14,1
2478,68,14,1
2479,64,18,1
2480,88,13,1
2481,88,13,1
2482,88,13,1
2483,68,14,1
2484,88,13,1
2485,86,15,1
2486,88,13,1
2487,88,13,1
2488,88,13,1
2489,88,13,1
2490,80,21,1
2491,68,14,1
2492,88,13,1
2493,88,13,1
2494,86,15,1
2495,68,14,1
2496,68,14,1
2497,88,13,1
2498,88,13,1
2499,86,15,1
2500,66,16,1
2501,68,14,1
2502,88,13,1
2503,88,13,1
2504,88,13,1
2505,86,15,1
2506,88,13,1
2507,88,13,1
2508,68,14,1
2509,88,13,1
2510,68,14,1
2511,66,16,1
2512,88,13,1
2513,88,13,1
2514,88,13,1
2515,86,15,1
2516,88,13,1
2517,88,13,1
2518,88,13,1
2519,86,15,1
2520,88,13,1
2521,88,13,1
2522,68,14,1
2523,66,16,1
2524,88,13,1
2525,86,15,1
2526,88,13,1
2527,88,13,1
2528,88,13,1
2529,88,13,1
2530,88,13,1
2531,88,13,1
2532,68,14,1
2533,88,13,1
2534,86,15,1
2535,86,15,1
2536,66,16,1
2537,88,13,1
2538,86,15,1
2539,88,13,1
2540,88,13,1
2541,88,13,1
2542,88,13,1
2543,88,13,1
2544,68,14,1
2545,88,13,1
2546,88,13,1
2547,88,13,1
2548,88,13,1
2549,88,13,1
2550,88,13,1
2551,88,13,1
2552,68,14,1
2553,68,14,1
2554,68,14,1
2555,88,13,1
2556,86,15,1
2557,88,13,1
2558,68,14,1
2559,88,13,1
2560,88,13,1
2561,88,13,1
2562,68,14,1
2563,88,13,1
2564,84,17,1
2565,88,13,1
2566,88,13,1
2567,88,13,1
2568,86,15,1
2569,68,14,1
2570,88,13,1
2571,68,14,1
2572,68,14,1
2573,86,15,1
2574,86,15,1
2575,88,13,1
2576,68,14,1
2577,68,14,1
2578,68,14,1
2579,88,13,1
2580,68,14,1
2581,88,13,1
2582,88,13,1
2583,86,15,1
2584,88,13,1
2585,88,13,1
2586,88,13,1
2587,88,13,1
2588,88,13,1
2589,88,13,1
2590,88,13,1
2591,68,14,1
2592,88,13,1
2593,88,13,1
2594,84,17,1
2595,86,15,1
2596,86,15,1
2597,88,13,1
2598,88,13,1
2599,88,13,1
2600,88,13,1
2601,88,13,1
2602,68,14,1
2603,88,13,1
2604,68,14,1
2605,88,13,1
2606,88,13,1
2607,88,13,1
2608,68,14,1
2609,88,13,1
2610,88,13,1
2611,88,13,1
2612,88,13,1
2613,68,14,1
2614,88,13,1
2615,88,13,1
2616,86,15,1
2617,66,16,1
2618,86,15,1
2619,88,13,1
2620,68,14,1
2621,68,14,1
2622,88,13,1
2623,88,13,1
2624,88,13,1
2625,88,13,1
2626,68,14,1
2627,84,17,1
2628,88,13,1
2629,88,13,1
2630,88,13,1
2631,88,13,1
2632,88,13,1
2633,88,13,1
2634,88,13,1
2635,68,14,1
2636,88,13,1
2637,48,15,1
2638,88,13,1
2639,88,13,1
2640,88,13,1
2641,86,15,1
2642,88,13,1
2643,86,15,1
2644,88,13,1
2645,88,13,1
2646,88,13,1
2647,88,13,1
2648,26,18,1
2649,88,13,1
2650,88,13,1
2651,88,13,1
2652,88,13,1
2653,68,14,1
2654,88,13,1
2655,88,13,1
2656,88,13,1
2657,88,13,1
2658,68,14,1
2659,88,13,1
2660,86,15,1
2661,46,17,1
2662,88,13,1
2663,48,15,1
2664,88,13,1
2665,68,14,1
2666,86,15,1
2667,88,13,1
2668,88,13,1
2669,86,15,1
2670,86,15,1
2671,88,13,1
2672,86,15,1
2673,48,15,1
2674,88,13,1
2675,88,13,1
2676,68,14,1
2677,88,13,1
2678,88,13,1
2679,64,18,1
2680,88,13,1
2681,88,13,1
2682,68,14,1
2683,88,13,1
2684,88,13,1
2685,68,14,1
2686,68,14,1
2687,88,13,1
2688,88,13,1
2689,86,15,1
2690,88,13,1
2691,88,13,1
2692,88,13,1
2693,68,14,1
2694,88,13,1
2695,88,13,1
2696,88,13,1
2697,86,15,1
2698,66,16,1
2699,88,13,1
2700,88,13,1
2701,86,15,1
2702,88,13,1
2703,86,15,1
2704,46,17,1
2705,88,13,1
2706,88,13,1
2707,68,14,1
2708,86,15,1
2709,84,17,1
2710,88,13,1
2711,48,15,1
2712,88,13,1
2713,88,13,1
2714,88,13,1
2715,88,13,1
2716,88,13,1
2717,88,13,1
2718,88,13,1
2719,68,14,1
2720,88,13,1
2721,88,13,1
2722,88,13,1
2723,88,13,1
2724,88,13,1
2725,88,13,1
2726,88,13,1
2727,88,13,1
2728,88,13,1
2729,88,13,1
2730,88,13,1
2731,68,14,1
2732,86,15,1
2733,88,13,1
2734,68,14,1
2735,86,15,1
2736,28,16,1
2737,88,13,1
2738,88,13,1
2739,48,15,1
2740,88,13,1
2741,88,13,1
2742,68,14,1
2743,88,13,1
2744,68,14,1
2745,88,13,1
2746,88,13,1
2747,88,13,1
2748,68,14,1
2749,88,13,1
2750,88,13,1
2751,88,13,1
2752,86,15,1
2753,88,13,1
2754,46,17,1
2755,88,13,1
2756,88,13,1
2757,48,15,1
2758,68,14,1
2759,88,13,1
2760,88,13,1
2761,86,15,1
2762,88,13,1
2763,88,13,1
2764,88,13,1
2765,88,13,1
2766,68,14,1
2767,88,13,1
2768,88,13,1
2769,88,13,1
2770,88,13,1
2771,88,13,1
2772,86,15,1
2773,68,14,1
2774,88,13,1
2775,86,15,1
2776,68,14,1
2777,48,15,1
2778,88,13,1
2779,68,14,1
2780,68,14,1
2781,68,14,1
2782,84,17,1
2783,68,14,1
2784,88,13,1
2785,88,13,1
2786,88,13,1
2787,88,13,1
2788,88,13,1
2789,86,15,1
2790,88,13,1
2791,88,13,1
2792,88,13,1
2793,68,14,1
2794,68,14,1
2795,88,13,1
2796,88,13,1
2797,88,13,1
2798,88,13,1
2799,68,14,1
2800,88,13,1
2801,88,13,1
2802,86,15,1
2803,44,19,1
2804,66,16,1
2805,88,13,1
2806,88,13,1
2807,88,13,1
2808,88,13,1
2809,88,13,1
2810,88,13,1
2811,86,15,1
2812,88,13,1
2813,88,13,1
2814,88,13,1
2815,88,13,1
2816,88,13,1
2817,88,13,1
2818,88,13,1
2819,88,13,1
2820,86,15,1
2821,88,13,1
2822,88,13,1
2823,68,14,1
2824,88,13,1
2825,88,13,1
2826,86,15,1
2827,88,13,1
2828,88,13,1
2829,88,13,1
2830,88,13,1
2831,88,13,1
2832,66,16,1
2833,88,13,1
2834,86,15,1
2835,88,13,1
2836,68,14,1
2837,68,14,1
2838,88,13,1
2839,88,13,1
2840,88,13,1
2841,88,13,1
2842,88,13,1
2843,88,13,1
2844,88,13,1
2845,68,14,1
2846,88,13,1
2847,88,13,1
2848,88,13,1
2849,88,13,1
2850,88,13,1
2851,86,15,1
2852,68,14,1
2853,68,14,1
2854,88,13,1
2855,68,14,1
2856,88,13,1
2857,88,13,1
2858,88,13,1
2859,88,13,1
2860,68,14,1
2861,88,13,1
2862,68,14,1
2863,88,13,1
2864,88,13,1
2865,88,13,1
2866,68,14,1
2867,88,13,1
2868,88,13,1
2869,88,13,1
2870,86,15,1
2871,68,14,1
2872,68,14,1
2873,88,13,1
2874,88,13,1
2875,68,14,1
2876,88,13,1
2877,88,13,1
2878,68,14,1
2879,88,13,1
2880,88,13,1
2881,48,15,1
2882,88,13,1
2883,68,14,1
2884,88,13,1
2885,88,13,1
2886,86,15,1
2887,88,13,1
2888,88,13,1
2889,86,15,1
2890,88,13,1
2891,68,14,1
2892,88,13,1
2893,68,14,1
2894,88,13,1
2895,88,13,1
2896,86,15,1
2897,88,13,1
2898,86,15,1
2899,68,14,1
2900,68,14,1
2901,88,13,1
2902,68,14,1
2903,68,14,1
2904,68,14,1
2905,88,13,1
2906,86,15,1
2907,66,16,1
2908,86,15,1
2909,88,13,1
2910,88,13,1
2911,88,13,1
2912,88,13,1
2913,88,13,1
2914,88,13,1
2915,88,13,1
2916,86,15,1
2917,88,13,1
2918,68,14,1
2919,68,14,1
2920,68,14,1
2921,88,13,1
2922,68,14,1
2923,88,13,1
2924,88,13,1
2925,66,16,1
2926,88,13,1
2927,88,13,1
2928,86,15,1
2929,88,13,1
2930,88,13,1
2931,88,13,1
2932,86,15,1
2933,88,13,1
2934,48,15,1
2935,88,13,1
2936,88,13,1
2937,88,13,1
2938,68,14,1
2939,86,15,1
2940,88,13,1
2941,48,15,1
2942,86,15,1
2943,66,16,1
2944,88,13,1
2945,88,13,1
2946,88,13,1
2947,48,15,1
2948,68,14,1
2949,88,13,1
2950,48,15,1
2951,88,13,1
2952,88,13,1
2953,88,13,1
2954,88,13,1
2955,88,13,1
2956,68,14,1
2957,88,13,1
2958,66,16,1
2959,88,13,1
2960,68,14,1
2961,68,14,1
2962,88,13,1
2963,88,13,1
2964,88,13,1
2965,68,14,1
2966,88,13,1
2967,88,13,1
2968,88,13,1
2969,88,13,1
2970,88,13,1
2971,86,15,1
2972,88,13,1
2973,88,13,1
2974,86,15,1
2975,88,13,1
2976,86,15,1
2977,88,13,1
2978,68,14,1
2979,86,15,1
2980,48,15,1
2981,84,17,1
2982,88,13,1
2983,88,13,1
2984,88,13,1
2985,88,13,1
2986,88,13,1
2987,86,15,1
2988,88,13,1
2989,88,13,1
2990,88,13,1
2991,68,14,1
2992,48,15,1
2993,66,16,1
2994,68,14,1
2995,88,13,1
2996,88,13,1
2997,88,13,1
2998,68,14,1
2999,88,13,1
3000,88,13,1
